"2024-12-18 03:39:21,034",__main__,DEBUG,Initializing VirtualFileSystem
"2024-12-18 03:39:24,520",__main__,DEBUG,Executing ls command
"2024-12-18 03:39:35,008",__main__,DEBUG,Executing cd command with path: archive_1
"2024-12-18 03:39:37,192",__main__,DEBUG,Executing ls command
"2024-12-18 03:39:42,576",__main__,DEBUG,Executing cd command with path: del1
"2024-12-18 03:39:43,761",__main__,DEBUG,Executing ls command
"2024-12-18 03:39:47,240",__main__,DEBUG,Executing cd command with path: ..
"2024-12-18 03:40:02,696",__main__,DEBUG,Executing date command
"2024-12-18 03:40:10,296",__main__,DEBUG,Executing rmdir command for directory: del3
"2024-12-18 03:40:10,297",__main__,DEBUG,Saving changes to zip file
"2024-12-18 03:40:11,936",__main__,DEBUG,Executing ls command
"2024-12-18 03:40:19,992",__main__,DEBUG,Executing exit command
